Name	Sequences Inducing Cleavage	Sequences Preventing Cleavage	Cleavage Terminus	Cleavage Specificity	PSI-MS Accession Number	PSI-MS Name	Site Regular Expression	Notes
Arg-C	R		C	full	MS:1001303	Arg-C	(?<=R)(?!P)	
Asp-N	D		N	full	MS:1001304	Asp-N	(?=[BD])	
chymotrypsin	F,W,Y	P	C	full	MS:1001306	Chymotrypsin	(?<=[FYWL])(?!P)	
chymotrypsin (no proline rule)	F,W,Y		C	full	MS:1001306	Chymotrypsin	(?<=[FYWL])	
CNBr	M		C	full	MS:1001307	CNBr	(?<=M)	
Glu-C	E		C	full				
Lys-C	K	P	C	full	MS:1001309	Lys-C	(?<=K)(?!P)	
Lys-C (no proline rule)	K		C	full	MS:1001310	Lys-C/P	(?<=K)	
Lys-N	K		N	full				
semi-trypsin	K,R	P	C	semi	MS:1001251	Trypsin	(?<=[KR])(?!P)	
semi-trypsin (no proline rule)	K,R		C	semi	MS:1001313	Trypsin/P	(?<=[KR])	
trypsin	K,R	P	C	full	MS:1001251	Trypsin	(?<=[KR])(?!P)	
trypsin (no proline rule)	K,R		C	full	MS:1001313	Trypsin/P	(?<=[KR])	
tryptophan oxidation	W		C	full				
non-specific	A,C,D,E,F,G,H,I,K,L,M,N,P,Q,R,S,T,U,V,W,Y		none	full	MS:1001956	unspecific cleavage		
top-down			none	none	MS:1001955	no cleavage		
